date,sst
2002-01-01,
2002-02-01,
2002-03-01,
2002-04-01,
2002-05-01,
2002-06-01,
2002-07-01,30.029735565185547
2002-08-01,30.141782760620117
2002-09-01,30.392841339111328
2002-10-01,30.28795051574707
2002-11-01,30.650571823120117
2002-12-01,29.752246856689453
2003-01-01,29.028440475463867
2003-02-01,28.681730270385742
2003-03-01,30.348464965820312
2003-04-01,30.827383041381836
2003-05-01,31.609268188476562
2003-06-01,30.923246383666992
2003-07-01,30.140644073486328
2003-08-01,30.771902084350586
2003-09-01,30.231792449951172
2003-10-01,30.271501541137695
2003-11-01,29.810211181640625
2003-12-01,27.911224365234375
2004-01-01,28.41339683532715
2004-02-01,28.509937286376953
2004-03-01,29.636789321899414
2004-04-01,30.970352172851562
2004-05-01,31.58397674560547
2004-06-01,30.975555419921875
2004-07-01,30.337257385253906
2004-08-01,29.344398498535156
2004-09-01,29.807373046875
2004-10-01,30.50901985168457
2004-11-01,30.415512084960938
2004-12-01,28.57063102722168
2005-01-01,28.18777847290039
2005-02-01,29.127574920654297
2005-03-01,29.84775161743164
2005-04-01,30.705781936645508
2005-05-01,30.8453311920166
2005-06-01,30.956317901611328
2005-07-01,30.90593147277832
2005-08-01,30.02264404296875
2005-09-01,30.360107421875
2005-10-01,30.221391677856445
2005-11-01,30.001739501953125
2005-12-01,29.81208038330078
2006-01-01,28.7275447845459
2006-02-01,28.940391540527344
2006-03-01,29.605056762695312
2006-04-01,30.604415893554688
2006-05-01,31.124231338500977
2006-06-01,30.307451248168945
2006-07-01,30.15475845336914
2006-08-01,29.781417846679688
2006-09-01,29.648303985595703
2006-10-01,29.908132553100586
2006-11-01,30.345012664794922
2006-12-01,29.54310417175293
2007-01-01,27.994251251220703
2007-02-01,28.247365951538086
2007-03-01,30.341114044189453
2007-04-01,30.71994400024414
2007-05-01,30.86390495300293
2007-06-01,30.950620651245117
2007-07-01,30.52614974975586
2007-08-01,29.853443145751953
2007-09-01,29.840543746948242
2007-10-01,30.25621223449707
2007-11-01,30.043649673461914
2007-12-01,28.647598266601562
2008-01-01,28.477130889892578
2008-02-01,28.55522918701172
2008-03-01,29.575632095336914
2008-04-01,30.368877410888672
2008-05-01,30.601539611816406
2008-06-01,30.66179847717285
2008-07-01,29.840282440185547
2008-08-01,30.002159118652344
2008-09-01,29.927507400512695
2008-10-01,30.346572875976562
2008-11-01,30.411436080932617
2008-12-01,28.550823211669922
2009-01-01,27.30803680419922
2009-02-01,28.64651870727539
2009-03-01,30.093793869018555
2009-04-01,31.199068069458008
2009-05-01,31.226268768310547
2009-06-01,31.568376541137695
2009-07-01,30.226497650146484
2009-08-01,30.018592834472656
2009-09-01,30.441118240356445
2009-10-01,30.634817123413086
2009-11-01,30.513832092285156
2009-12-01,28.954214096069336
2010-01-01,28.97230339050293
2010-02-01,29.659841537475586
2010-03-01,30.51620864868164
2010-04-01,30.95548439025879
2010-05-01,31.99126625061035
2010-06-01,31.179658889770508
2010-07-01,30.68545913696289
2010-08-01,30.682403564453125
2010-09-01,31.064010620117188
2010-10-01,30.868799209594727
2010-11-01,30.5180721282959
2010-12-01,29.885643005371094
2011-01-01,28.289653778076172
2011-02-01,28.858139038085938
2011-03-01,29.036359786987305
2011-04-01,30.145530700683594
2011-05-01,31.01795768737793
2011-06-01,30.899368286132812
2011-07-01,30.360872268676758
2011-08-01,30.315500259399414
2011-09-01,30.111982345581055
2011-10-01,30.29304313659668
2011-11-01,29.891767501831055
2011-12-01,29.151378631591797
2012-01-01,28.950607299804688
2012-02-01,29.20854377746582
2012-03-01,29.87403678894043
2012-04-01,31.17523765563965
2012-05-01,30.88193130493164
2012-06-01,30.8532657623291
2012-07-01,29.858400344848633
2012-08-01,30.02971839904785
2012-09-01,29.78071403503418
2012-10-01,30.72401237487793
2012-11-01,30.19849967956543
2012-12-01,29.758834838867188
2013-01-01,28.600473403930664
2013-02-01,28.746679306030273
2013-03-01,29.7104549407959
2013-04-01,30.652427673339844
2013-05-01,31.647798538208008
2013-06-01,31.27153778076172
2013-07-01,30.711959838867188
2013-08-01,30.03371810913086
2013-09-01,30.07741355895996
2013-10-01,30.445051193237305
2013-11-01,29.914358139038086
2013-12-01,29.317832946777344
2014-01-01,27.44561195373535
2014-02-01,27.96845054626465
2014-03-01,29.098222732543945
2014-04-01,30.626148223876953
2014-05-01,31.1092529296875
2014-06-01,31.494436264038086
2014-07-01,30.179197311401367
2014-08-01,30.2197208404541
2014-09-01,30.323596954345703
2014-10-01,30.901893615722656
2014-11-01,30.4520320892334
2014-12-01,29.71335792541504
2015-01-01,28.459550857543945
2015-02-01,28.280773162841797
2015-03-01,29.468542098999023
2015-04-01,30.727031707763672
2015-05-01,31.272008895874023
2015-06-01,30.944242477416992
2015-07-01,30.621505737304688
2015-08-01,30.237886428833008
2015-09-01,30.084400177001953
2015-10-01,30.41425132751465
2015-11-01,30.841514587402344
2015-12-01,29.60195541381836
2016-01-01,29.325054168701172
2016-02-01,29.201778411865234
2016-03-01,29.88279151916504
2016-04-01,31.02895164489746
2016-05-01,32.25523376464844
2016-06-01,31.644485473632812
2016-07-01,31.44707489013672
2016-08-01,30.877971649169922
2016-09-01,31.05325698852539
2016-10-01,31.0085391998291
2016-11-01,30.067447662353516
2016-12-01,30.20531463623047
2017-01-01,30.30185890197754
2017-02-01,28.468446731567383
2017-03-01,30.311779022216797
2017-04-01,31.021268844604492
2017-05-01,31.07634925842285
2017-06-01,31.3283634185791
2017-07-01,30.33974838256836
2017-08-01,30.149816513061523
2017-09-01,30.57964515686035
2017-10-01,30.721084594726562
2017-11-01,30.415128707885742
2017-12-01,29.662464141845703
2018-01-01,28.687606811523438
2018-02-01,28.701614379882812
2018-03-01,29.52829360961914
2018-04-01,30.38427734375
2018-05-01,31.347387313842773
2018-06-01,31.34693145751953
2018-07-01,30.222339630126953
2018-08-01,30.08576011657715
2018-09-01,30.179079055786133
2018-10-01,30.697416305541992
2018-11-01,29.915199279785156
2018-12-01,29.688257217407227
2019-01-01,29.56616973876953
2019-02-01,29.399869918823242
2019-03-01,30.426332473754883
2019-04-01,31.275848388671875
2019-05-01,31.683258056640625
2019-06-01,30.641929626464844
2019-07-01,30.539134979248047
2019-08-01,30.387548446655273
2019-09-01,30.041728973388672
2019-10-01,30.587509155273438
2019-11-01,30.80933380126953
2019-12-01,28.345775604248047
2020-01-01,29.23851203918457
2020-02-01,29.307289123535156
2020-03-01,30.212501525878906
2020-04-01,31.394906997680664
2020-05-01,31.725160598754883
2020-06-01,32.04100799560547
2020-07-01,30.552215576171875
2020-08-01,31.067380905151367
2020-09-01,30.40853500366211
2020-10-01,30.183780670166016
2020-11-01,29.756515502929688
2020-12-01,29.737655639648438
2021-01-01,28.12259292602539
2021-02-01,28.31485366821289
2021-03-01,29.880537033081055
2021-04-01,31.233688354492188
2021-05-01,31.307493209838867
2021-06-01,31.411022186279297
2021-07-01,30.8012752532959
2021-08-01,30.318017959594727
2021-09-01,30.565523147583008
2021-10-01,30.828142166137695
2021-11-01,31.082094192504883
2021-12-01,29.14647674560547
2022-01-01,29.26641273498535
2022-02-01,28.8936824798584
2022-03-01,30.118587493896484
2022-04-01,30.62593650817871
2022-05-01,31.565168380737305
2022-06-01,30.81649398803711
2022-07-01,30.55609130859375
2022-08-01,30.406932830810547
2022-09-01,30.273046493530273
2022-10-01,29.83023452758789
2022-11-01,29.80599021911621
2022-12-01,29.032756805419922
2023-01-01,28.621278762817383
2023-02-01,27.998228073120117
2023-03-01,29.00010871887207
2023-04-01,30.337026596069336
2023-05-01,31.471378326416016
2023-06-01,31.163848876953125
2023-07-01,30.689464569091797
2023-08-01,30.516443252563477
2023-09-01,30.564708709716797
2023-10-01,30.972793579101562
2023-11-01,31.34882354736328
2023-12-01,29.385759353637695
2024-01-01,28.96540069580078
2024-02-01,29.59756851196289
2024-03-01,30.54273223876953
2024-04-01,31.974388122558594
2024-05-01,31.674381256103516
2024-06-01,31.86144256591797
2024-07-01,31.003190994262695
2024-08-01,30.85332489013672
2024-09-01,31.088777542114258
2024-10-01,31.31920623779297
2024-11-01,31.02873992919922
2024-12-01,29.830202102661133
2025-01-01,28.861474990844727
2025-02-01,28.424537658691406
2025-03-01,29.37158203125
2025-04-01,30.682220458984375
2025-05-01,31.667776107788086
2025-06-01,32.04860305786133
2025-07-01,31.129417419433594
2025-08-01,31.197372436523438
2025-09-01,30.64482307434082
2025-10-01,
2025-11-01,
2025-12-01,
